<?xml version="1.0" encoding="UTF-8"?>
<!--Documentation for how to generate suppression files is on confluence-->
<suppressions xmlns="https://jeremylong.github.io/DependencyCheck/dependency-suppression.1.3.xsd">
    <suppress>
        <notes><![CDATA[
      file name: findreviewers-service.jar
      ]]></notes>
        <!-- False positive on the snakeyaml (thinks it is go-yaml) -->
        <cve>CVE-2022-3064</cve>
        <cve>CVE-2021-4235</cve>
        <!-- False positive on the snakeyaml (thinks it is eemeli/yaml) -->
        <cve>CVE-2023-2251</cve>
        <!-- False positive thinking we have fredsmith utils -->
        <cve>CVE-2021-4277</cve>
        <!-- False positive thinking we have hutool-json -->
        <cve>CVE-2022-45688</cve>
        <!-- False positive thinking we have json-smart from netplex when it uses net.minidev -->
        <cve>CVE-2023-1370</cve>
        <!-- False positive on the jakarta.activation-api (thinks it is Eclipse IDE) -->
        <cve>CVE-2008-7271</cve>
        <cve>CVE-2010-4647</cve>
    </suppress>
    <suppress>
        <notes><![CDATA[Incorrect detection of issue with spring]]></notes>
        <packageUrl regex="true">^pkg:maven/org\.springframework.*/spring.*$</packageUrl>
        <cve>CVE-2016-1000027</cve>
        <cve>CVE-2020-5408</cve>
    </suppress>
</suppressions>
