{
  "allowedLicenses": [
    {
      "moduleLicense": "EPL 2.0"
    },
    {
      "moduleLicense": "Eclipse Public License"
    },
    {
      "moduleLicense": "Eclipse Public License - v 1.0"
    },
    {
      "moduleLicense": "Eclipse Public License v. 2.0"
    },
    {
      "moduleLicense": "Eclipse Distribution License - v 1.0"
    },
    {
      "moduleLicense": "COMMON DEVELOPMENT AND DISTRIBUTION LICENSE (CDDL) Version 1.0"
    },
    {
      "moduleLicense": "Apache License, Version 2.0"
    },
    {
      "moduleLicense": "Apache License, version 2.0"
    },
    {
      "moduleLicense": "The Apache Software License, Version 2.0"
    },
    {
      "moduleLicense": "Apache License 2.0"
    },
    {
      "moduleLicense": "Apache License v2.0"
    },
    {
      "moduleLicense": "Apache 2.0"
    },
    {
      "moduleLicense": "The Apache License, Version 2.0"
    },
    {
      "moduleLicense": "MIT License"
    },
    {
      "moduleLicense": "The MIT License"
    },
    {
      "moduleLicense": "The MIT License (MIT)"
    },
    {
      "moduleLicense": "MIT"
    },
    {
      "moduleLicense": "MIT-0"
    },
    {
      "moduleLicense": "Public Domain, per Creative Commons CC0"
    },
    {
      "moduleLicense": "BSD-2-Clause"
    },
    {
      "moduleLicense": "CC0"
    },
    {
      "moduleLicense": "EDL 1.0"
    },
    {
      "moduleLicense": null,
      "moduleName": "com.fasterxml.jackson:jackson-bom"
    }
  ]
}
